Campaign,Keyword,Match Type
CR Search - Lead Gen (US),jobs,Broad
CR Search - Lead Gen (US),job,Broad
CR Search - Lead Gen (US),hiring,Broad
CR Search - Lead Gen (US),hire,Broad
CR Search - Lead Gen (US),salary,Broad
CR Search - Lead Gen (US),career,Broad
CR Search - Lead Gen (US),careers,Broad
CR Search - Lead Gen (US),free,Broad
CR Search - Lead Gen (US),cheap,Broad
CR Search - Lead Gen (US),training,Broad
CR Search - Lead Gen (US),course,Broad
CR Search - Lead Gen (US),certification,Broad
CR Search - Lead Gen (US),school,Broad
CR Search - Lead Gen (US),for sale,Broad
CR Search - Lead Gen (US),diy,Broad
CR Search - Lead Gen (US),resume,Broad
CR Search - Lead Gen (US),employment,Broad
CR Search - Lead Gen (US),intern,Broad
CR Search - Lead Gen (US),near me,Broad
CR Search - Lead Gen (US),reviews,Broad
CR Search - Lead Gen (US),complaints,Broad
CR Search - Lead Gen (US),scam,Broad
CR Search - Lead Gen (US),login,Broad
CR Search - Lead Gen (US),how to become,Broad
CR Search - Lead Gen (US),apprentice,Broad
CR Search - Lead Gen (US),used,Broad
